CountryName,CountryCode,IndicatorName,IndicatorCode,1999,2000,D2001,D2002,D2003,D2004,D2005,2006,2007,2008,2009,2010,2011,2012,2013,2014,2015,2016,D2017,2018,D2019
Advanced Economies,AME,"GDP growth, constant 2010 USD",NYGDPMKTPKDZ,,,1.514661749,1.543573389,1.954708552,3.091771501,2.641964091,2.894474876,2.510726746,0.073874569,-3.512480113,2.885901847,1.601398068,1.098091285,1.287309925,1.861640092,2.108639596,1.682409738,1.9183667,1.84582501,1.692015562
BRICs,BRC,"GDP growth, constant 2010 USD",NYGDPMKTPKDZ,,,5.090155349,5.972054178,6.649003963,8.028155804,8.096421472,9.305872364,10.68949493,7.331015572,3.810166391,8.966969762,7.220371971,5.723187327,5.741881388,5.12921725,3.913264036,4.244591596,5.026371133,5.225972749,5.412027444
Developing Countries,DEV,"GDP growth, constant 2010 USD",NYGDPMKTPKDZ,,,3.439044954,4.450395101,5.554864489,7.659438794,7.141757945,8.062497779,8.718314934,5.875406236,2.125142183,7.634874433,6.380929403,4.950757193,5.081518234,4.432438462,3.57311662,3.600678585,4.294721682,4.658336445,4.866666489
EMDE Commodity Exporters,EDE,"GDP growth, constant 2010 USD",NYGDPMKTPKDZ,,,2.588319358,2.577321972,4.666251891,7.279761472,5.645283408,6.447265668,6.762429522,5.046220541,-1.078735377,5.800935842,5.139226607,3.400117947,3.241565553,2.158579153,0.329067878,0.419429612,1.804199222,2.681252745,2.954550299
EMDE Commodity Importers,EDI,"GDP growth, constant 2010 USD",NYGDPMKTPKDZ,,,3.826021955,5.723011876,6.781597504,7.954176255,8.260635955,9.288399431,9.775411132,6.439989979,4.467559497,8.605047015,7.482649048,6.111151998,6.204381461,6.006541537,6.042036795,5.668970874,5.658710705,5.665431277,5.799179231
EMDE Commodity Importers excl. China,EDX,"GDP growth, constant 2010 USD",NYGDPMKTPKDZ,,,1.204357616,3.604316775,4.650503187,6.468801833,6.027877077,6.72116223,6.25394171,3.709142723,0.036686642,6.60980144,5.388797666,4.261968217,4.501770447,4.54712954,5.030206236,4.464234853,4.630801179,4.914141026,5.117389133
EMDE EAP excl. China,EAO,"GDP growth, constant 2010 USD",NYGDPMKTPKDZ,,,3.244627434,5.054761555,5.683522917,6.031662644,5.417786536,5.556695407,6.312283221,4.691386865,2.241161308,6.892970168,4.779097162,6.257672194,5.126985678,4.663652278,4.849022649,4.889638655,5.050847639,5.166807058,5.26607661
EMDE East Asia and Pacific (EAP),EAA,"GDP growth, constant 2010 USD",NYGDPMKTPKDZ,,,6.713382179,7.871825591,8.72658239,8.91851426,9.694358086,10.76034063,12.1671261,8.42816609,7.692139693,9.788422504,8.487435745,7.515822795,7.203973804,6.754034061,6.496441523,6.330572612,6.224164968,6.061466334,6.139030281
EMDE ECA Central Asia,CAC,"GDP growth, constant 2010 USD",NYGDPMKTPKDZ,,,11.4911826,8.617260301,8.652376822,9.442549393,9.064107454,9.870940651,9.166681558,5.088501127,2.799210021,7.435817585,7.99223862,5.791361706,6.805773958,5.436192047,3.097081726,2.989143379,3.930347844,4.149176605,4.451629663
EMDE ECA Central Europe,EHE,"GDP growth, constant 2010 USD",NYGDPMKTPKDZ,,,2.723371523,3.478615567,4.211284221,5.690901679,4.029010755,6.067786642,5.751104512,4.501016029,-1.806109263,1.809298243,3.259357639,0.624406227,1.703876594,3.021336309,3.664077138,3.10753831,3.516516915,3.319638255,3.192707245
EMDE ECA Eastern Europe,EUO,"GDP growth, constant 2010 USD",NYGDPMKTPKDZ,,,8.099741363,5.2782479,8.89078789,11.83145302,4.489827059,7.937008545,7.695523279,4.264266703,-10.88517326,4.995675927,5.526788963,0.629039705,0.56274015,-3.831927821,-7.694174146,0.830779197,1.350534113,2.614678346,3.163294531
EMDE ECA South Caucasus,SCC,"GDP growth, constant 2010 USD",NYGDPMKTPKDZ,,,8.477958003,9.750813521,11.70043095,9.181444549,19.9450054,25.0783402,20.73268742,8.659332413,3.550770436,4.730454516,1.775816843,3.534969261,5.051776261,2.650866451,1.660128512,-2.136221745,0.05509838,1.592576776,2.217137273
EMDE ECA Western Balkans,WBK,"GDP growth, constant 2010 USD",NYGDPMKTPKDZ,,,4.45038154,5.13200646,4.042723465,6.903641118,5.115080707,6.045767222,7.054114269,5.409892218,-1.609500248,1.723294885,1.897799944,-0.387073199,2.412916317,0.362891084,2.231786206,2.856905084,3.168093778,3.538521413,3.688078329
EMDE Europe and Central Asia (ECA),ECH,"GDP growth, constant 2010 USD",NYGDPMKTPKDZ,,,2.557276621,5.001215129,6.337881507,7.660713061,6.48611633,7.695740358,7.316336906,4.199998547,-5.176129327,4.766024525,5.487751698,3.040857314,3.290408571,2.316278547,0.965788622,1.535565963,2.53532414,2.735404039,2.822693595
EMDE Europe and Central Asia Commodity Exporters,ECE,"GDP growth, constant 2010 USD",NYGDPMKTPKDZ,,,5.709568773,5.65215943,5.830428689,8.037971159,786.4719266,8.63711363,8.825487285,5.146398825,-6.952078298,4.739042448,4.432489289,3.5077224,1.908120766,0.83899955,-2.377091962,0.22816572,1.652136491,1.89274031,1.988757206
EMDE Europe and Central Asia Commodity Importers,EEE,"GDP growth, constant 2010 USD",NYGDPMKTPKDZ,,,2.44958048,4.985331701,6.321382411,7.612728022,-48.03997155,6.639224447,5.590864829,3.08479395,-3.041561445,4.797088524,6.704333908,2.51410688,4.865120444,3.951749676,4.55581753,2.846525184,3.39836979,3.544943271,3.611105752
EMDE LAC Caribbean,LNI,"GDP growth, constant 2010 USD",NYGDPMKTPKDZ,,,1.747243951,4.283202299,3.131243731,2.567577336,5.650420149,7.912143205,5.450915715,2.087496339,-1.250684813,3.94657958,2.180066652,2.073769098,3.184661551,3.867983235,3.447520439,2.520443943,3.318555683,3.788942176,3.695132867
EMDE LAC Central America,LNA,"GDP growth, constant 2010 USD",NYGDPMKTPKDZ,,,-0.294544948,0.448870055,1.640307565,4.300240774,3.154515286,5.087638594,3.700291535,1.744293696,-4.201452686,4.94114182,4.223806001,4.116686319,1.661423704,2.498150229,2.865468389,2.512721738,2.108640349,2.409584321,2.734692899
EMDE LAC South America,LNS,"GDP growth, constant 2010 USD",NYGDPMKTPKDZ,,,1.018090761,0.116233276,1.492988088,7.286580758,4.992253034,5.485200106,6.713119986,4.98747874,-0.982833696,6.410101473,4.725125679,2.531046296,3.219359877,0.34340648,-2.084023426,-2.890944923,0.267656476,1.937170016,2.347546556
EMDE Latin America and Caribbean (LAC),LAP,"GDP growth, constant 2010 USD",NYGDPMKTPKDZ,,,0.687971729,0.300179792,1.571206222,6.387530417,4.535326086,5.442376527,5.920360571,4.113910096,-1.767939268,6.004350328,4.548070811,2.889725633,2.851506818,0.92597519,-0.782877394,-1.432785814,0.815209883,2.107743535,2.483717257
EMDE Middle East and North Africa (MNA),MNH,"GDP growth, constant 2010 USD",NYGDPMKTPKDZ,,,1.611581434,2.264958066,6.998625836,7.700762224,5.337725255,6.166553289,4.838315378,4.64284608,0.989105658,4.823871474,5.970440661,2.724009627,2.376655903,3.352969888,2.78565717,3.159145339,2.139629452,2.853188393,3.100191047
EMDE MNA GCC countries,GCC,"GDP growth, constant 2010 USD",NYGDPMKTPKDZ,,,0.268040828,-0.104605449,9.86439227,8.848551135,5.91766365,6.759176025,4.036235646,5.917805331,-1.818321791,4.596399289,8.508125918,5.939410033,3.356937301,3.204140811,3.787544042,1.936973378,1.254156677,2.253017035,2.545933336
EMDE MNA Oil exporters,MOX,"GDP growth, constant 2010 USD",NYGDPMKTPKDZ,,,1.077972269,2.183535287,7.587275093,8.306063579,5.450260369,6.126622571,4.507384356,4.312363038,0.031045148,5.032588624,6.814865753,2.721922585,2.212687759,3.438727208,2.578875622,3.237660471,1.773721677,2.546833183,2.790966441
EMDE MNA Oil importers,MOM,"GDP growth, constant 2010 USD",NYGDPMKTPKDZ,,,3.911599279,2.606344562,4.540728573,5.099679542,4.839295413,6.344592929,6.309140628,6.08690431,5.105381876,3.970556668,2.482353036,2.732947125,3.082520131,2.986726649,3.672346092,2.82588888,3.698167066,4.133972392,4.372955106
EMDE SAR excl. India,SAI,"GDP growth, constant 2010 USD",NYGDPMKTPKDZ,,,2.887340936,4.474352578,6.104314437,6.853188664,6.582118573,6.20063947,4.698203389,4.010009264,4.197357185,4.759530881,5.083901398,5.718356745,4.852985089,5.319610154,5.547542811,5.750770266,5.718270988,5.839274423,5.96141151
EMDE South Asia Region (SAR),SAP,"GDP growth, constant 2010 USD",NYGDPMKTPKDZ,,,3.633917371,4.540734907,6.656108292,7.466545,8.441306012,8.609508597,8.805548931,5.705969849,4.850795652,9.59797356,6.624845082,5.609367367,6.026057138,6.657488724,6.895804825,6.724855335,6.822337329,7.109589765,7.318127667
EMDE SSA CFA countries,SFA,"GDP growth, constant 2010 USD",NYGDPMKTPKDZ,,,6.206488679,2.82403335,4.326576354,6.526252163,5.870569586,2.99492873,4.385136623,4.730019877,2.701367944,3.664493717,2.732476924,6.204564808,4.462185175,5.503708813,3.950849091,2.827409391,3.619730825,4.076432994,4.30369063
EMDE SSA excl. South Africa,SSA,"GDP growth, constant 2010 USD",NYGDPMKTPKDZ,,,5.359078465,5.918290402,5.992116312,7.799484512,7.157966302,7.146740094,8.052267821,6.600067066,5.406763472,7.614990525,4.76928898,5.115015718,5.766921182,5.676419731,3.711653767,1.645546392,3.185646608,3.872955215,3.98467883
EMDE SSA Oil exporters,SOX,"GDP growth, constant 2010 USD",NYGDPMKTPKDZ,,,6.514976447,9.008997584,7.986682301,9.495133821,8.224246315,7.980318698,9.188096873,7.999675212,5.973849272,8.10613704,4.467037902,4.513162882,5.31780132,5.411337314,2.857409329,-0.366437163,1.730743226,2.627482376,2.704904227
EMDE Sub-Saharan Africa (SSA),SSP,"GDP growth, constant 2010 USD",NYGDPMKTPKDZ,,,4.461755037,5.161291693,4.983066217,6.744340333,6.558880456,6.661265793,7.213590667,5.55638733,3.328152247,6.310113726,4.358701225,4.32118848,4.845709454,4.617477539,3.08970537,1.317587923,2.552307575,3.209094123,3.50795881
EMDE Sub-Saharan Africa excl. South Africa and Nigeria,SSO,"GDP growth, constant 2010 USD",NYGDPMKTPKDZ,,,,,,,,,,,,,,,,,,,,,
"EMDE Sub-Saharan Africa excl. South Africa, Nigeria, and Angola",SSS,"GDP growth, constant 2010 USD",NYGDPMKTPKDZ,,,4.461755037,5.161291693,4.983066217,6.744340333,-57.72747937,5.858769089,6.619464139,5.149855092,4.019290475,5.873812241,4.819299591,5.690092508,5.862220872,5.378517341,4.549849091,4.073101345,4.767041383,5.188313697,5.223619095
Emerging Markets and Developing Economies (EMDE),EMD,"GDP growth, constant 2010 USD",NYGDPMKTPKDZ,,,3.179661864,4.089666774,5.699199162,7.612458267,6.93956469,7.870662317,8.291730043,5.763388488,1.793224783,7.291124698,6.399878755,4.873274142,4.87058942,4.301185181,3.562186858,3.461351654,4.085436443,4.47409156,4.683038398
Euro Area,E19,"GDP growth, constant 2010 USD",NYGDPMKTPKDZ,,,2.130841314,0.96758003,0.665286201,2.299947381,1.671449514,3.231996444,3.014176003,0.421142215,-4.515705392,2.087620364,1.548735308,-0.908789134,-0.256666076,1.17501004,2.048186302,1.75534674,1.7015805,1.540410038,1.481590718
High Income Countries,HIY,"GDP growth, constant 2010 USD",NYGDPMKTPKDZ,,,1.497518372,1.523681179,2.13600329,3.234686989,2.740929682,3.003091931,2.576198583,0.245402416,-3.440617141,2.900790582,1.801608217,1.235105804,1.354138607,1.912349647,2.172896405,1.69983925,1.914937474,1.879706444,1.743169569
Low Income Countries,LIC,"GDP growth, constant 2010 USD",NYGDPMKTPKDZ,,,4.761891171,2.387363773,3.920471111,6.118793492,6.128767716,5.275729285,6.243749133,5.158277198,5.591436826,6.841145352,5.88468653,6.350629271,6.329908553,6.306674329,4.744613977,4.433875059,5.432162668,5.801502962,5.840079894
World (WBG members),WLT,"GDP growth, constant 2010 USD",NYGDPMKTPKDZ,,,1.942238942,2.205354742,2.945921374,4.320458134,3.846877495,4.331192715,4.236450697,1.838330597,-1.803603294,4.356689748,3.248552291,2.433550042,2.585045066,2.764850186,2.654842167,2.356795083,2.748754028,2.8660375,2.871188625
Afghanistan,AFG,"GDP growth, constant 2010 USD",NYGDPMKTPKDZ,,,20.06407524,16.71113962,14.31837584,9.438757536,14.51571611,11.18704254,11.13201429,3.4,20.4,8.4,6.1,14.4,2,1.3,1.1,2.2,2.6,3.4,3.1
Albania,ALB,"GDP growth, constant 2010 USD",NYGDPMKTPKDZ,,,7.940331421,4.231371012,5.77349057,5.709556581,5.720819953,5.431012734,5.900000009,7.529999989,3.350000009,3.709999994,2.550000005,1.419999998,1.109999993,1.799999998,2.6,3.2,3.5,3.5,3.8
Algeria,DZA,"GDP growth, constant 2010 USD",NYGDPMKTPKDZ,,,3,5.6,7.2,4.3,5.89999957,1.7,3.4,2.4,1.6,3.6,2.9,3.4,2.8,3.8,3.8,3.5,1.75001,0.95001,1.51104
Angola,AGO,"GDP growth, constant 2010 USD",NYGDPMKTPKDZ,,,4.220965147,-6.940461553,5.247494541,10.87957748,18.26145032,20.73512488,22.5930543,13.81714581,2.412869693,3.407654794,3.918596986,5.155440545,6.81358577,4.804472704,3.006980545,-0.036428853,1.183007425,0.922308737,1.532288094
Antigua and Barbuda,ATG,"GDP growth, constant 2010 USD",NYGDPMKTPKDZ,,,-3.194241893,2.92425143,5.913631425,5.286420149,6.083228432,13.37640019,9.49894448,0.071111021,-12.03601506,-7.142991335,-1.793435604,3.837468792,-0.200092652,4.602793481,4.126998335,3.715,2.2,1.7,1.7
Argentina,ARG,"GDP growth, constant 2010 USD",NYGDPMKTPKDZ,,,-4.408839696,-10.89448481,8.837040776,9.029573321,8.852203425,8.047251613,9.007799282,4.056952857,-5.918020561,10.12455968,6.004131402,-1.026621617,2.405450781,-2.5124702,2.647139697,-2.312210872,2.685859353,3.208765037,3.162606259
Armenia,ARM,"GDP growth, constant 2010 USD",NYGDPMKTPKDZ,,,9.556641496,13.18630053,14.04079506,10.46784186,13.86571125,13.19800352,13.74920196,6.900000002,-14.14998864,2.199999999,4.699999999,7.200000003,3.300000002,3.6,3,0.2,2.7,3.1,3.4
Australia,AUS,"GDP growth, constant 2010 USD",NYGDPMKTPKDZ,,,2.503298402,3.981490931,2.996757705,3.944262166,3.201941151,2.722555574,4.528680239,2.450754612,1.787022427,2.378076584,2.565425363,3.692364865,2.137094921,2.76016884,2.417358098,2.35023,3.2,2.9,3
Austria,AUT,"GDP growth, constant 2010 USD",NYGDPMKTPKDZ,,,1.35051608,1.655854943,0.756156576,2.705743088,2.140682596,3.350831358,3.621510423,1.547263839,-3.799075048,1.928673056,2.807999932,0.7457561,0.124223545,0.644844832,0.963058399,1.51096,1.6023,1.50213,1.445
Azerbaijan,AZE,"GDP growth, constant 2010 USD",NYGDPMKTPKDZ,,,9.9,10.5999992,11.20000024,10.2000004,26.40000081,34.49999951,25.04899952,10.77242078,9.410653764,4.854339324,0.065922768,2.200000188,5.796678396,2,1.1,-3.8,-1.4,0.6,1.3
Bahamas,BHS,"GDP growth, constant 2010 USD",NYGDPMKTPKDZ,,,2.625627121,2.704629513,-1.264744629,0.882884233,3.39529267,2.516863841,1.446522215,-2.323937248,-4.175259175,1.538778853,0.612902596,3.086656779,0.010307048,-0.524452896,-1.663644107,1.237821748,1.495741698,1.839369041,1.839369041
Bahrain,BHR,"GDP growth, constant 2010 USD",NYGDPMKTPKDZ,,,2.490948108,3.348550668,6.296441979,6.980960594,6.768997871,6.467000122,8.293960448,6.241836482,2.540515119,4.336776264,1.983515012,3.728209851,5.416834514,4.350294067,2.864380566,3,1.9,1.9,2.3
Bangladesh,BGD,"GDP growth, constant 2010 USD",NYGDPMKTPKDZ,,,3.83317994,4.739567399,5.239508115,6.53594648,6.671936088,7.058591814,6.013770394,5.045125716,5.571803243,6.464384945,6.521451559,6.013610592,6.061078523,6.1,6.6,7.1,6.8,6.4,6.7
Barbados,BRB,"GDP growth, constant 2010 USD",NYGDPMKTPKDZ,,,-2.36733875,0.791122984,2.171253823,1.406764442,3.96497442,5.668590896,1.764284435,0.396022177,-4.032258065,0.255754476,0.756195335,0.298399494,-0.072124053,0.198484302,0.882405907,1.2,1.6,1.6,1.6
Belarus,BLR,"GDP growth, constant 2010 USD",NYGDPMKTPKDZ,,,4.725306006,5.045267318,7.043192675,11.44974293,9.4,10,8.6,10.2,0.2,7.740781216,5.543711461,1.731391223,1.073600801,1.723086003,-3.887698502,-2.6,-0.4,0.5,1.2
Belgium,BEL,"GDP growth, constant 2010 USD",NYGDPMKTPKDZ,,,0.811646522,1.780859367,0.774200785,3.6347767,2.094484984,2.499134936,3.397763272,0.747021058,-2.285112804,2.695144601,1.796888322,0.136797517,-0.067164784,1.653110551,1.500230786,1.23,1.26,1.30213,1.30231
Belize,BLZ,"GDP growth, constant 2010 USD",NYGDPMKTPKDZ,,,5.015662999,5.118559443,9.326537858,4.650468034,2.578742031,4.582560297,1.104310804,3.228494977,0.798878171,3.321951014,2.101268922,3.740409207,1.313559322,4.083494924,1.043801055,-1.5,2.1,2.02486,2
Benin,BEN,"GDP growth, constant 2010 USD",NYGDPMKTPKDZ,,,5.330410857,4.644470026,3.444044849,4.429629024,1.711577464,3.947013747,5.986516165,4.893393999,2.319226797,2.116851032,2.962750578,4.810284098,7.193097528,6.357520024,2.094459019,4.044735456,5.501029145,6.017518284,6.270227972
Bhutan,BTN,"GDP growth, constant 2010 USD",NYGDPMKTPKDZ,,,6.74,9.516,9.118,6.748,6.527,6.981,12.571,10.752,5.722,9.327,10.069,3.6,2.1,5.7,6.5,6.8,6.8,7.7,10.5
Bolivia,BOL,"GDP growth, constant 2010 USD",NYGDPMKTPKDZ,,,1.683805412,2.485560339,2.711336415,4.173298671,4.421434767,4.797005329,4.564386586,6.148497195,3.357001259,4.126719369,5.20409385,5.122280357,6.796000457,5.460564159,4.935392566,4.250531681,3.700789295,3.700288444,3.422113532
Bosnia and Herzegovina,BIH,"GDP growth, constant 2010 USD",NYGDPMKTPKDZ,,,3.6,5,3.5,6.3,3.93408,9.55459,10.43217,3.7519,-3.85767,0.8,1,-1.2,2.3,1.1,3,2.8,3.2,3.7,4
Botswana,BWA,"GDP growth, constant 2010 USD",NYGDPMKTPKDZ,,,-0.051291627,6.286673764,7.562788531,2.705868687,4.556650896,8.363950367,8.276867185,6.245243585,-7.652215729,8.563562667,6.048399906,4.456152513,11.34333957,4.149227691,-1.699793897,2.85640812,3.956762276,4.155956766,4.349788964
Brazil,BRA,"GDP growth, constant 2010 USD",NYGDPMKTPKDZ,,,1.391541602,3.053169694,1.140335448,5.760880713,3.202038486,3.960515871,6.072279167,5.093762019,-0.126158361,7.528809559,3.974419751,1.852559396,3.01513994,0.503959801,-3.769248958,-3.606339438,0.263117233,1.793761823,2.145271193
Bulgaria,BGR,"GDP growth, constant 2010 USD",NYGDPMKTPKDZ,,,3.770217793,5.9375164,5.156218443,6.435539514,7.123328714,6.874358379,7.344421909,6.021883402,-3.586145625,1.324087801,1.914905853,0.030969869,0.862165094,1.328756736,3.617459615,3.4,3,3.2,3.3
Burkina Faso,BFA,"GDP growth, constant 2010 USD",NYGDPMKTPKDZ,,,6.613399558,4.353004323,7.802439895,4.478474349,8.661861605,6.253158606,4.111381646,5.800005065,2.961878243,8.446325184,6.626874404,6.452674754,5.708753995,4.030336888,4.021049409,5.442940991,6.081085221,6.310722905,6.332987458
Burundi,BDI,"GDP growth, constant 2010 USD",NYGDPMKTPKDZ,,,2.055807109,4.446519419,-1.223727959,4.833657762,0.900037258,5.384657445,4.785835835,5.048117881,3.468425668,3.785902356,4.191625407,4.019365437,4.594053253,4.660918081,-3.904918017,-0.562285877,1.543163947,2.035510486,2.602777921
Cambodia,KHM,"GDP growth, constant 2010 USD",NYGDPMKTPKDZ,,,8.037950181,6.687880848,8.505898789,10.34052873,13.25008524,10.77108639,10.21257229,6.691577286,0.086698015,5.963078655,7.069570099,7.261323485,7.480003436,7.071526546,7.036086414,6.930252709,6.922766264,6.902563678,6.737974562
Cameroon,CMR,"GDP growth, constant 2010 USD",NYGDPMKTPKDZ,,,4.514271087,4.009044571,4.030993316,3.701854054,2.296852971,3.224002985,3.255664493,2.884046006,1.931850138,3.26864847,4.140590744,4.588739296,5.561687539,5.926963924,5.773247654,4.490831062,3.919475147,4.426064276,4.568777972
Canada,CAN,"GDP growth, constant 2010 USD",NYGDPMKTPKDZ,,,1.77074217,3.010090569,1.802199925,3.085961206,3.201450833,2.62334431,2.062747693,1.000360971,-2.94952472,3.083447387,3.141219002,1.745533264,2.475000375,2.565297771,0.941618297,1.4,2.05,1.94,1.94
Cape Verde,CPV,"GDP growth, constant 2010 USD",NYGDPMKTPKDZ,,,2.231654493,5.250891246,4.176259302,10.19707261,6.912457988,7.983750447,15.170688,6.6505205,-1.270425989,1.466790075,3.968886401,1.081918292,0.787905771,0.610832556,1.458124709,3.89250567,3.335169568,3.694105879,3.722564598
Chad,TCD,"GDP growth, constant 2010 USD",NYGDPMKTPKDZ,,,11.65813465,8.491209819,14.72166701,33.62937185,17.33253374,0.648262014,3.271499579,3.052690516,4.217695532,13.5501007,0.082868551,8.882575253,5.700002054,6.899984307,1.800000636,-7.017276305,0.212991968,3.18209214,3.149709597
Chile,CHL,"GDP growth, constant 2010 USD",NYGDPMKTPKDZ,,,3.267877166,2.690127714,3.772390831,7.01613182,6.215144822,5.694335619,5.1608256,3.529486465,-1.56574924,5.845080696,6.11074627,5.318540806,4.01955476,1.921828353,2.305125768,1.628944872,1.837558079,2.026580725,2.332117374
China,CHN,"GDP growth, constant 2010 USD",NYGDPMKTPKDZ,,,8.33991055,9.130645945,10.03560303,10.11122346,11.39577594,12.71947902,14.23138804,9.654289373,9.399813171,10.63614046,9.536443008,7.85626211,7.757635146,7.297665959,6.914330108,6.6891188,6.511081416,6.277388068,6.347399717
Colombia,COL,"GDP growth, constant 2010 USD",NYGDPMKTPKDZ,,,1.677898308,2.503980466,3.918271904,5.333022067,4.706555934,6.697515258,6.900627655,3.546804886,1.651549245,3.971800705,6.589503501,4.043951892,4.874056253,4.42063994,3.129241031,2.045548695,2.026118091,3.060173059,3.355279773
Comoros,COM,"GDP growth, constant 2010 USD",NYGDPMKTPKDZ,,,2.332936494,2.324779259,2.104101953,1.919602379,2.837407711,2.646899868,0.800153199,0.400267405,1.949999522,2.200000103,2.600000109,2.999999997,3.499999979,2.061639446,1.015118151,2.22395796,3.28579684,4.034067669,4.027655515
"Congo, Dem. Rep.",ZAR,"GDP growth, constant 2010 USD",NYGDPMKTPKDZ,,,-2.100173025,2.947765184,5.577822311,6.738373933,6.135151155,5.320981058,6.259469847,6.225900286,2.855060107,7.078889424,6.864630026,7.157859628,8.503503317,8.969479483,6.91618781,2.208766548,4.686113293,4.88555737,4.904181138
"Congo, Rep.",COG,"GDP growth, constant 2010 USD",NYGDPMKTPKDZ,,,3.8026019,4.581870061,0.813264075,3.476631623,7.755758578,6.235997013,-1.582224051,5.572264919,7.468878837,8.751657129,3.420621115,3.799996218,3.440705598,6.779940362,2.646447873,-2.054549221,1.042298037,1.542644921,1.54932115
Costa Rica,CRI,"GDP growth, constant 2010 USD",NYGDPMKTPKDZ,,,3.490474495,3.291748285,4.255481006,4.33657436,2.473373601,7.326903765,8.436373792,5.019822764,-0.970549543,4.951859609,4.30709971,4.812750215,2.299135077,3.660545691,4.719516815,4.325647924,3.761156112,3.552425039,3.488541073
Cote d'Ivoire,CIV,"GDP growth, constant 2010 USD",NYGDPMKTPKDZ,,,0.121371915,-1.667642138,-1.359535943,1.23177284,1.721247367,1.515842364,1.765036784,2.542841476,3.251453719,2.017638592,-4.387254788,10.7065041,8.889421302,8.486345568,9.163380703,7.781181149,6.847830134,6.459485103,6.291245197
Croatia,HRV,"GDP growth, constant 2010 USD",NYGDPMKTPKDZ,,,3.434480882,5.246401979,5.558075334,4.082620022,4.163998479,4.785190687,5.150082941,2.053110679,-7.383653,-1.701136888,-0.281367268,-2.187589799,-1.063876335,-0.4,1.64126,2.9,2.9,2.5,2.6
Cyprus,CYP,"GDP growth, constant 2010 USD",NYGDPMKTPKDZ,,,3.599514817,3.400015507,2.474597878,4.570634079,3.725656224,4.510035419,4.819572655,3.863255654,-1.772320026,1.318966558,0.320533826,-3.158276073,-5.952227639,-1.529743934,1.676676842,2.813507441,2.13,1.9023,1.8213
Czech Republic,CZE,"GDP growth, constant 2010 USD",NYGDPMKTPKDZ,,,3.051521283,1.64694964,3.601842545,4.947456257,6.4422623,6.87654427,5.529266339,2.710955571,-4.841785296,2.295089687,2.004704007,-0.799844281,-0.483671041,2.715116132,4.535628699,2.402659838,2.546335198,2.599776107,2.394299373
Denmark,DNK,"GDP growth, constant 2010 USD",NYGDPMKTPKDZ,,,0.823089187,0.466344928,0.390073865,2.668193459,2.336664491,3.912924347,0.909360891,-0.512024949,-4.90662992,1.870993691,1.336830625,0.226522968,0.933294405,1.67593432,1.606086132,1.3,1.5,1.7,1.8
Djibouti,DJI,"GDP growth, constant 2010 USD",NYGDPMKTPKDZ,,,2.047764375,2.618562398,3.199959328,3.826476088,3.169601156,4.799864683,5.100061387,5.799962619,4.999503141,3.5,4.5,4.8,5,6,6.5,6.5,7,7,7.2
Dominica,DMA,"GDP growth, constant 2010 USD",NYGDPMKTPKDZ,,,0.473103034,-1.753160255,7.687213049,3.250144236,-0.088242377,2.9296875,6.356736243,7.047279215,-1.166666667,0.674536256,0,-1.256281407,0.593723494,3.878583474,2.2,0.576,3.034,2.124,2.113
Dominican Republic,DOM,"GDP growth, constant 2010 USD",NYGDPMKTPKDZ,,,1.809229488,5.788207316,-0.25335881,1.31195822,9.262750074,10.67115484,8.710414119,3.225742292,0.944863579,8.327288907,3.079249713,2.836896155,4.723121808,7.623187565,7.027735722,6.6,5.3,5,4.8
Ecuador,ECU,"GDP growth, constant 2010 USD",NYGDPMKTPKDZ,,,4.015621948,4.096784617,2.722877337,8.211020917,5.291310768,4.403530371,2.19006579,6.357133783,0.566487883,3.525301655,7.868149283,5.641969524,4.946519363,3.992709235,0.157751291,-1.523024468,-1.331564938,-0.438657894,0.346797986
"Egypt, Arab Rep.",EGY,"GDP growth, constant 2010 USD",NYGDPMKTPKDZ,,,3.535225676,2.370489108,3.193454733,4.091919181,4.471352753,6.842960587,7.088015957,7.152051034,4.685445188,5.139126087,1.816646644,2.193878354,2.2,2.9,4.4,4.3,3.9,4.6,5.3
El Salvador,SLV,"GDP growth, constant 2010 USD",NYGDPMKTPKDZ,,,1.708936396,2.340822748,2.30003827,1.850535583,3.562814501,3.911948645,3.839765177,1.274227301,-3.133046282,1.364783667,2.21683561,1.880955461,1.84729,1.42526,2.29836,2.36686,2.04555,1.8445,1.7445
Equatorial Guinea,GNQ,"GDP growth, constant 2010 USD",NYGDPMKTPKDZ,,,63.37987543,19.46283403,13.95525032,37.99872686,16.74870061,7.704917606,15.28211392,17.79910913,1.343356288,-8.924175889,6.52392363,8.312871844,-4.133192499,-0.677282946,-8.284968855,-7.339746629,-5.867654639,-7.011970111,-5.995465315
Eritrea,ERI,"GDP growth, constant 2010 USD",NYGDPMKTPKDZ,,,8.75543519,3.005429218,-2.655515842,1.451735534,2.57444953,-0.969216929,1.42682206,-9.783030037,3.87650156,2.194190545,8.679799936,7.019961432,3.050780947,4.986950038,4.77468655,3.975389127,4.301313967,4.290482381,4.290482381
Estonia,EST,"GDP growth, constant 2010 USD",NYGDPMKTPKDZ,,,6.328737573,6.07642212,7.416070995,6.294731089,9.373741405,10.27190654,7.748187528,-5.419488908,-14.72444295,2.259194895,7.597234132,4.307279191,1.415179731,2.822982418,1.444154203,1.1,2.465,2.7,2.713
Ethiopia,ETH,"GDP growth, constant 2010 USD",NYGDPMKTPKDZ,,,8.301306322,1.514725693,-2.161359721,13.57260315,11.8187974,10.83472707,11.456167,10.78852168,8.802553202,12.55053834,11.17829678,8.647812465,10.58227154,10.27918951,9.607519222,7.461095216,8.33046066,7.965093094,7.919777061
Fiji,FJI,"GDP growth, constant 2010 USD",NYGDPMKTPKDZ,,,2,3.2,1,5.3,0.7,1.9,-0.850822462,1.03252103,-1.4,3,2.7,1.8,4.6,5.6,3.6,2,3.7,3.5,3.3
Finland,FIN,"GDP growth, constant 2010 USD",NYGDPMKTPKDZ,,,2.58145728,1.68033545,1.993996179,3.926080519,2.780543064,4.054640794,5.185363505,0.720668487,-8.269036558,2.992337502,2.570817745,-1.42618936,-0.758564911,-0.707901437,0.210290276,1.4,1.4,1.4,1.5
France,FRA,"GDP growth, constant 2010 USD",NYGDPMKTPKDZ,,,1.96606586,1.077240799,0.84945538,2.588119982,1.665590096,2.513288704,2.34756178,0.081039849,-2.862443915,1.88468924,2.106346831,0.223963342,0.617837885,0.66534816,1.209246738,1.18678,1.349,1.4321,1.43213
Gabon,GAB,"GDP growth, constant 2010 USD",NYGDPMKTPKDZ,,,2.135233422,-0.249033169,2.247330012,0.689543058,3.900705421,-3.634637434,5.658952383,-3.308430649,0.13033225,7.089886512,7.091753882,5.251076812,5.63841381,4.314876119,4.012829395,2.306246773,1.31138744,2.447319065,2.914832619
"Gambia, The",GMB,"GDP growth, constant 2010 USD",NYGDPMKTPKDZ,,,5.79999178,-3.249966726,6.869993859,7.049996551,-6.176465028,1.16561622,3.721582469,5.861916383,6.58378191,6.653293601,-4.368781227,5.974836895,4.873080532,0.914034956,4.10299761,2.143887724,2.503863192,3.77260773,3.99224571
Georgia,GEO,"GDP growth, constant 2010 USD",NYGDPMKTPKDZ,,,4.805452136,5.473838085,11.05810212,5.857329773,9.599640804,9.383276297,12.34399988,2.314047429,-3.775774557,6.253028626,7.221523093,6.350481944,3.387043726,4.623331907,2.9,2.7,3.5,4,4.5
Germany,DEU,"GDP growth, constant 2010 USD",NYGDPMKTPKDZ,,,1.703531287,-0.002084367,-0.715369608,1.172321129,0.706779774,3.694545754,3.263254113,1.087630036,-5.624064845,4.085765577,3.652141559,0.499558773,0.482193086,1.595153813,1.725734029,1.9,1.76,1.6,1.4
Ghana,GHA,"GDP growth, constant 2010 USD",NYGDPMKTPKDZ,,,4,4.499999699,5.199999984,5.59999999,5.900003988,6.399912419,4.346942812,9.149409269,4.844629332,7.899766855,14.0469536,9.293094181,7.31250884,3.985794172,3.915948575,3.609189467,6.122893525,7.792149267,6.163899338
Greece,GRC,"GDP growth, constant 2010 USD",NYGDPMKTPKDZ,,,4.131078135,3.922689093,5.794534413,5.061358159,0.598907257,5.652264736,3.274265566,-0.335432612,-4.300864415,-5.478959408,-9.13193323,-7.301231803,-3.241173566,0.352833251,-0.219069307,0.338812152,1.2,1.6,1.6
Grenada,GRD,"GDP growth, constant 2010 USD",NYGDPMKTPKDZ,,,-1.105464722,3.320962772,8.551952738,0.116249128,12.48645983,-4.7,5.7,-0.2,-6.6,-0.9,0.6,-1.9,2.4,7.3,6.2,3.9,3.2,2.8,2.7
Guatemala,GTM,"GDP growth, constant 2010 USD",NYGDPMKTPKDZ,,,2.332574183,3.866638363,2.530837955,3.152030513,3.260162692,5.379733928,6.304072145,3.281095312,0.526037754,2.869481449,4.162050354,2.969832897,3.697604916,4.17416585,4.06625061,3.074320169,3.458138093,3.468607177,3.602064488
Guinea,GIN,"GDP growth, constant 2010 USD",NYGDPMKTPKDZ,,,3.658346471,5.164609466,1.24860126,2.340117313,2.997287943,2.496728569,1.757682351,4.936932709,-0.280192286,1.936217423,3.908762416,3.944111306,2.29999904,0.399999657,0.099995611,4.562003806,4.440934951,4.636767407,4.649001477
Guinea-Bissau,GNB,"GDP growth, constant 2010 USD",NYGDPMKTPKDZ,,,2.188906815,-0.985177525,0.568510176,2.76140199,4.265425048,2.309749943,3.205047716,3.207377029,3.311677363,4.431841824,9.334144591,-1.797988807,0.820272533,2.541075019,4.796779769,4.936623531,5.061605626,5.057427635,5.127436823
Guyana,GUY,"GDP growth, constant 2010 USD",NYGDPMKTPKDZ,,,2.249999297,1.051000768,-1.00525525,3.293924791,-1.956911156,-5.342878892,7.020313451,1.976647058,3.31862417,4.370869417,5.437126058,4.816458917,5.22162589,3.828406874,3.1,3.299,3.532,3.587,3.687
Haiti,HTI,"GDP growth, constant 2010 USD",NYGDPMKTPKDZ,,,-1.044374391,-0.251464534,0.363800337,-3.522888132,1.805010846,2.249221904,3.343279015,0.843944329,3.083247688,-5.497792337,5.523737754,2.885096051,4.234052891,2.796830259,1.185463497,1.4,0.5,1.7,2.3
Honduras,HND,"GDP growth, constant 2010 USD",NYGDPMKTPKDZ,,,2.723193273,3.754337861,4.547038052,6.232302961,6.050916061,6.56699986,6.188252742,4.231864123,-2.431875015,3.731270148,3.835560728,4.128748005,2.791500275,3.059838359,3.639941567,3.608418152,3.388825207,3.265656871,3.26866455
"Hong Kong SAR, China",HKG,"GDP growth, constant 2010 USD",NYGDPMKTPKDZ,,,0.560782325,1.656672569,3.056313002,8.700074932,7.388145748,7.032580391,6.464757566,2.127928685,-2.459138381,6.767719123,4.814645853,1.70025285,3.08804821,2.68193502,2.436791891,1.9,2.1,2.4,2.4
Hungary,HUN,"GDP growth, constant 2010 USD",NYGDPMKTPKDZ,,,3.774101285,4.503063882,3.827747149,5.005389217,4.38289382,3.855745781,0.448348194,0.889204526,-6.563634275,0.677098149,1.739423344,-1.602512403,2.117146834,4.04732118,3.148083829,2,3.7,3.7,3
Iceland,ISL,"GDP growth, constant 2010 USD",NYGDPMKTPKDZ,,,3.833743499,0.314814669,2.440137445,8.099766067,6.704385241,5.000656366,9.349879644,1.519449618,-6.94385958,-3.559949451,1.987039819,1.217625612,4.411447317,1.929448451,4.141607277,7.2,5.5,3.6,3.2
India,IND,"GDP growth, constant 2010 USD",NYGDPMKTPKDZ,,,4.944573331,3.90730037,7.943956268,7.848994478,9.284872616,9.264106044,9.801353524,3.890905217,8.47977286,10.25996035,5.47958,5.48406,6.54022,7.1795,7.93371,6.8,7.2,7.5,7.7
Indonesia,IDN,"GDP growth, constant 2010 USD",NYGDPMKTPKDZ,,,3.643465721,4.49947521,4.780370392,5.030872196,5.692571724,5.500952284,6.345021455,6.013703063,4.701768517,6.377625686,6.169784208,6.030050653,5.557263689,5.006668426,4.876254582,5.0155584,5.155063276,5.26096947,5.380847552
"Iran, Islamic Rep.",IRN,"GDP growth, constant 2010 USD",NYGDPMKTPKDZ,,,3.669490264,8.159723848,8.058863588,6.067031222,4.655971228,6.211336641,6.366826366,0.576054223,3.950108242,6.577358842,3.74971394,-6.608696533,-1.911526504,4.34329095,-1.8,6.4,4,4.051,4.2
Iraq,IRQ,"GDP growth, constant 2010 USD",NYGDPMKTPKDZ,,,-6.600002862,-7.799991222,-41.30000719,46.49997207,-0.700004805,6.200037866,1.500002476,9.499956089,4.200000624,5.537890251,10.21408931,12.61641718,7.6,0.7,4.8,10.1,-3.1,2.551,1.1
Ireland,IRL,"GDP growth, constant 2010 USD",NYGDPMKTPKDZ,,,6.052352397,5.576405985,3.673787556,6.7242251,5.766100624,5.866916266,3.795772471,-4.372886847,-4.565201948,2.033909951,-0.040967277,-1.102639823,1.099038341,8.461452075,26.27628016,5.2,4,2.6,2.55
Israel,ISR,"GDP growth, constant 2010 USD",NYGDPMKTPKDZ,,,0.093529249,-0.194396619,1.117997422,5.048488881,4.151835344,5.706764796,6.214262726,3.005829097,1.39189012,5.655776844,5.062178851,2.381800262,4.376328279,3.163047034,2.507836062,3.960801547,3.1,3.2,3.3
Italy,ITA,"GDP growth, constant 2010 USD",NYGDPMKTPKDZ,,,1.772299187,0.248496797,0.151349703,1.58192588,0.949709494,2.006524195,1.473922766,-1.050414191,-5.48207703,1.686478827,0.576685526,-2.818932349,-1.728267218,0.091813243,0.731692929,1,0.949,1.1213,1.10547
Jamaica,JAM,"GDP growth, constant 2010 USD",NYGDPMKTPKDZ,,,1.344929564,1.997290944,3.666317593,1.3237251,0.893797936,2.89912535,1.431954037,-0.812752927,-4.332824094,-1.468990555,1.72904781,-0.621954187,0.503639921,0.694621084,0.996498915,1.375,1.988,2.139,2.3
Japan,JPN,"GDP growth, constant 2010 USD",NYGDPMKTPKDZ,,,0.406249445,0.118100784,1.528242023,2.204730325,1.662732005,1.42002553,1.654262434,-1.093498814,-5.417080769,4.192267018,-0.115461941,1.495028543,2.000489572,0.335664786,1.1,0.99312,1.45,1.049,0.649
Jordan,JOR,"GDP growth, constant 2010 USD",NYGDPMKTPKDZ,,,5.27137064,5.792385509,4.163751728,8.562737394,8.163780219,8.093331161,8.175719022,7.23240848,5.47658105,2.336830301,2.560808799,2.651203349,2.829210769,3.096330275,2.382686856,2,2.3,2.6,3
Kazakhstan,KAZ,"GDP growth, constant 2010 USD",NYGDPMKTPKDZ,,,13.5,9.800000002,9.3,9.6,9.699999999,10.7,8.9,3.3,1.199999999,7.3,7.4,4.8,6,4.199998151,1.200463193,0.999745507,2.400056486,2.571258974,2.898341479
Kenya,KEN,"GDP growth, constant 2010 USD",NYGDPMKTPKDZ,,,4.456715724,0.55685443,2.945066282,5.102776051,5.900059681,6.315433628,6.850729771,0.232282746,3.306939815,8.402277064,6.11161346,4.554942796,5.693530352,5.331859404,5.679546726,5.800419823,5.53644079,5.754248764,6.06258492
Kiribati,KIR,"GDP growth, constant 2010 USD",NYGDPMKTPKDZ,,,-1.418,3.962,2.006,-1.629,4.952,-1.581,2.202,-1.847,0.29,-1.608,0.477,5.188,5.782,2.409,3.497,3.075,2.479,2.014,1.488
"Korea, Rep.",KOR,"GDP growth, constant 2010 USD",NYGDPMKTPKDZ,,,4.525319497,7.432433614,2.933207053,4.899851507,3.92368744,5.176133982,5.463406088,2.829214457,0.707518483,6.496793586,3.681696472,2.292382426,2.896220054,3.341447519,2.611935409,2.738348066,2.8,2.9,3
Kosovo,KSV,"GDP growth, constant 2010 USD",NYGDPMKTPKDZ,,,16.29927,4.30428,3.66202,2.7989,5.35495,6.18639,7.28102,4.4887,3.59277,3.28273,4.36685,2.8,3.4,1.2,4.1,3.6,3.9,4.2,4.4
Kuwait,KWT,"GDP growth, constant 2010 USD",NYGDPMKTPKDZ,,,0.213332577,3.014283152,17.32602042,10.24029806,10.60899669,7.514773,5.991575511,2.479756943,-7.076056431,-2.37055926,9.628436082,6.626388081,1.149038847,0.501132662,1.846471657,2.9,0.2,2.7,2.9
Kyrgyz Republic,KGZ,"GDP growth, constant 2010 USD",NYGDPMKTPKDZ,,,5.32158429,-0.017353166,7.030296139,7.026859719,-0.175548229,3.102898691,8.542874896,8.401615957,2.8862947,-0.471566848,5.956274377,-0.088150193,10.91546938,4.024038629,3.9,3.8,3.4,4,4.8
"Lao, PDR",LAO,"GDP growth, constant 2010 USD",NYGDPMKTPKDZ,,,5.751412882,5.918743682,6.067002304,6.35769548,7.107568369,8.619266209,7.596828801,7.824902763,7.501774913,8.526905517,8.038652681,8.026283279,8.475969134,7.51652414,7.350386008,7.04868,6.99729,6.79176,7.2
Latvia,LVA,"GDP growth, constant 2010 USD",NYGDPMKTPKDZ,,,6.45717059,7.111759477,8.425017557,8.341511286,10.70108696,11.9026189,9.960466216,-3.597932386,-14.34897773,-3.779764302,6.210975644,4.005337648,3.02166995,2.359378677,2.741373034,1.95,3.13862,3.50921,3.3857
Lebanon,LBN,"GDP growth, constant 2010 USD",NYGDPMKTPKDZ,,,3.871259086,3.415104761,3.222473968,5.913768934,2.74702747,1.700917797,9.340821031,9.249332765,10.05522367,8.037829469,0.916813426,2.763092611,3.013452318,1.8,1.3,1.8,2.5,2.6,2.6
Lesotho,LSO,"GDP growth, constant 2010 USD",NYGDPMKTPKDZ,,,3.915829379,1.507035335,5.114248946,1.762901946,2.971068844,4.359775655,4.161380204,6.732523918,2.169358183,6.248027287,7.001086654,5.466489433,2.019214306,4.5417789,1.611940435,2.509360942,2.971308097,3.390577547,3.556501116
Liberia,LBR,"GDP growth, constant 2010 USD",NYGDPMKTPKDZ,,,2.918707483,3.762770617,-30.14522856,2.620610331,5.281986292,8.043142916,9.534910654,7.146926406,5.300102818,6.099946049,8.2,8.3,8.7,0.7,0,-1.2,3,5.3,5.7
Lithuania,LTU,"GDP growth, constant 2010 USD",NYGDPMKTPKDZ,,,6.524314027,6.760606682,10.5383146,6.550273326,7.727885834,7.405782245,11.08724057,2.628241709,-14.81418554,1.63949883,6.049394169,3.83506431,3.506788063,3.495036829,1.77848756,2.21606072,2.98266,3.26368,3.19029
Luxembourg,LUX,"GDP growth, constant 2010 USD",NYGDPMKTPKDZ,,,3.579137657,3.620782281,1.397642591,4.411116963,3.216432925,5.110594745,8.395647185,-0.843120826,-5.376988795,5.676656248,2.565685444,-0.847072985,4.346679537,4.069293381,4.849233222,4.19,3.1,2.5,2.5
"Macedonia, FYR",MKD,"GDP growth, constant 2010 USD",NYGDPMKTPKDZ,,,-3.067245662,1.494028679,2.222222222,4.674428357,4.723377527,5.137025162,6.473486858,5.471711774,-0.358615842,3.358760114,2.339892284,-0.456184412,2.925265321,3.629641308,3.841623807,2.4,2.8,3.3,3.8
Madagascar,MDG,"GDP growth, constant 2010 USD",NYGDPMKTPKDZ,,,6.017821924,-12.67378814,9.784888193,5.256999214,6.512491993,5.022607002,6.240578451,7.128531446,-4.013875488,0.263106404,1.454415017,3.027516652,9.512795421,3.256290256,3.786074055,4.367603839,3.468852507,6.409801163,4.703129531
Malawi,MWI,"GDP growth, constant 2010 USD",NYGDPMKTPKDZ,,,-4.974963841,1.700000007,5.70563944,5.420497688,3.268725833,4.7,9.599999997,7.639736774,8.328110276,6.874065498,4.854055165,1.885799686,5.200000554,5.699999459,2.826180851,2.462229228,4.405280927,4.878234474,5.271408786
Malaysia,MYS,"GDP growth, constant 2010 USD",NYGDPMKTPKDZ,,,0.517474556,5.390972857,5.788514212,6.783561139,5.33200528,5.584912523,6.29877185,4.831729958,-1.513504463,7.424878279,5.29391284,5.473454192,4.69372252,6.012690036,4.96777303,4.23878322,4.8536,4.85102,4.95002
Maldives,MDV,"GDP growth, constant 2010 USD",NYGDPMKTPKDZ,,,11.9,6.1,14.2,12.5,-8.7,19.6,10.6,12.2,-3.6,7.1,6.5,1.3,4.7,6,2.8,4.1,4.5,4.6,4.6
Mali,MLI,"GDP growth, constant 2010 USD",NYGDPMKTPKDZ,,,15.37623946,3.106308252,9.119041995,1.559998661,6.53476289,4.662186406,3.493616539,4.773381746,4.679065855,5.413451728,3.240252313,-0.836177664,2.303584627,7.043356983,5.962581676,5.55122869,5.263415431,5.192659268,5.083114344
Malta,MLT,"GDP growth, constant 2010 USD",NYGDPMKTPKDZ,,,0.608182523,2.982359987,2.544249629,0.442013487,3.785265428,1.827598455,3.986513122,3.346554947,-2.462330414,3.543149883,1.445501695,2.684877931,4.559167632,8.393422389,7.434600708,5.04,3.05,2.5,2.5
Marshall Islands,MHL,"GDP growth, constant 2010 USD",NYGDPMKTPKDZ,,,2.636,0.277,-0.119,2.64,1.884,3.737,-1.89,-1.718,6.184,1.26,4.006,1.894,-1.074,0.398,1.379,1.745,1.75,1.6,1.551
Mauritania,MRT,"GDP growth, constant 2010 USD",NYGDPMKTPKDZ,,,2.008796925,0.665004156,5.978253348,5.74742354,8.969422318,18.86909934,2.817836772,1.079967167,-1.042081704,4.773697175,4.704066531,5.795078172,6.085302076,5.639563295,1.437319152,1.985405278,3.51470562,2.74832997,4.595458901
Mauritius,MUS,"GDP growth, constant 2010 USD",NYGDPMKTPKDZ,,,2.573570288,2.11331329,3.656856398,5.745767527,1.241387538,8.53825562,5.732547149,5.389815501,3.305771771,4.370266392,4.066639054,3.485095337,3.351375171,3.740179521,3.461925383,3.532460981,3.426881101,3.515547855,3.325613964
Mexico,MEX,"GDP growth, constant 2010 USD",NYGDPMKTPKDZ,,,-0.605492361,0.131909828,1.422671277,4.295716762,3.032577415,4.944512818,3.224834422,1.379942741,-4.700338264,5.110199311,4.044614846,4.018173014,1.360076881,2.265338162,2.629673419,2.304904413,1.841507877,2.190076747,2.547362754
"Micronesia, Fed. Sts.",FSM,"GDP growth, constant 2010 USD",NYGDPMKTPKDZ,,,1.664,0.622,1.816,-3.344,2.199,-0.062,-1.992,-2.239,1.039,3.494,1.776,-0.54,-3.562,-3.403,-0.165,1.054,0.722,0.718,0.824
"Moldova, Rep.",MDA,"GDP growth, constant 2010 USD",NYGDPMKTPKDZ,,,6.100000281,7.799999787,6.599999906,7.39999984,7.500000095,4.799999869,3.000000199,7.8000001,-6.000000259,7.100000092,6.800000288,-0.700000153,9.400000099,4.799999749,-0.500000006,4.1,4,3.7,3.5
Mongolia,MNG,"GDP growth, constant 2010 USD",NYGDPMKTPKDZ,,,2.952710544,4.732978464,7.004634576,10.62540596,7.253665441,8.556234809,10.24801636,8.900367946,-1.268598941,6.365161685,17.29077885,12.31982022,11.64891386,6.900001232,2.200000899,0.97700475,-0.223602311,1.870756333,8.027351007
Montenegro,MNE,"GDP growth, constant 2010 USD",NYGDPMKTPKDZ,,,1.1,1.90393,2.48266,4.42605,4.1806,8.56642,10.6579,6.9226,-5.65692,2.46373,3.22828,-2.7,3.5,1.8,3.4,2.5,3.3,3,2
Morocco,MAR,"GDP growth, constant 2010 USD",NYGDPMKTPKDZ,,,7.552001046,3.316043279,6.316850557,4.801924311,2.978449277,7.759926163,2.705754904,5.923277686,4.243714325,3.815707029,5.245771777,3.009938403,4.535456789,2.551044668,4.508487465,1.1,3.8,3.7,3.6
Mozambique,MOZ,"GDP growth, constant 2010 USD",NYGDPMKTPKDZ,,,12.72096582,8.794057581,6.500606668,7.811186108,8.720667733,9.851055641,7.42606066,6.876205375,6.351461641,6.687731175,7.117606565,7.198184402,7.141683266,7.443838216,6.609725577,3.344815208,4.752497895,6.141210577,6.722442577
Myanmar,MMR,"GDP growth, constant 2010 USD",NYGDPMKTPKDZ,,,11.3440345,12.02551864,13.84399505,13.64190607,13.56897077,13.07610262,11.9914391,3.6,5.1,5.3,5.9,7.3,8.5,8,7.3,6.5,6.9,7.2,7.3
Namibia,NAM,"GDP growth, constant 2010 USD",NYGDPMKTPKDZ,,,1.177948858,4.788661308,4.239794315,12.26954803,2.529262603,7.073175362,6.617094453,2.650013217,0.296143694,6.038898517,5.090860664,5.061978711,5.65472927,6.458409008,5.295482462,1.211108727,3.028632151,4.045112619,4.18078891
Nepal,NPL,"GDP growth, constant 2010 USD",NYGDPMKTPKDZ,,,4.799762644,0.120266897,3.945037767,4.682603245,4.979177465,3.364614788,3.411560276,6.104639142,4.53307872,4.81641465,3.421828241,4.781192258,4.128877676,5.98898,3.3,0.4,7.5,5.5,4.5
Netherlands,NLD,"GDP growth, constant 2010 USD",NYGDPMKTPKDZ,,,2.12352603,0.103589088,0.360864453,1.798010174,2.162261963,3.673764447,3.697048292,1.698331676,-3.76662439,1.327746876,1.664591274,-1.05732625,-0.11812363,1.41915992,1.95140381,2.072960019,1.949,1.3,1.30321
New Zealand,NZL,"GDP growth, constant 2010 USD",NYGDPMKTPKDZ,,,2.249307109,5.095915821,4.582828377,4.382602701,2.555022943,2.761155089,3.945093887,-0.429271538,0.37631855,1.955135872,1.913053235,2.550231453,2.10080958,3,3.07576,4.2,2.7,3.1,2.8
Nicaragua,NIC,"GDP growth, constant 2010 USD",NYGDPMKTPKDZ,,,2.960843529,0.753938941,2.520732936,5.31217052,4.282398305,4.15206956,5.287876882,2.851680739,-2.759448575,3.191379214,6.231669291,5.590752554,4.533033921,4.825661772,4.883940317,4.690660436,4.277697544,4.188396321,4.232101592
Niger,NER,"GDP growth, constant 2010 USD",NYGDPMKTPKDZ,,,7.104340612,2.999122036,5.299999998,0.100000001,4.499999999,5.800000002,3.146570396,9.587673209,-0.712671174,8.369239798,2.31140022,11.81366328,5.268378734,7.049797948,3.605301605,4.662893906,5.197568243,5.464436056,5.490517523
Nigeria,NGA,"GDP growth, constant 2010 USD",NYGDPMKTPKDZ,,,6.666848247,14.60438138,9.502606321,10.44200379,7.008456931,6.725974161,7.318080693,7.199287158,8.353344248,11.25890512,4.887386099,4.279276818,5.394416866,6.309717687,2.652693664,-1.564834563,1.170193138,2.415671105,2.475468146
Norway,NOR,"GDP growth, constant 2010 USD",NYGDPMKTPKDZ,,,2.08546144,1.437662096,0.919848257,3.959035967,2.624741739,2.395027493,2.92979291,0.384335361,-1.622560698,0.601899366,0.968791508,2.748821806,0.998695416,1.918800434,1.611019844,1.02439295,1.2,1.9,2.1
Oman,OMN,"GDP growth, constant 2010 USD",NYGDPMKTPKDZ,,,4.482454096,-1.10056525,-2.668969447,1.292112564,2.49045836,5.372068299,4.452694304,8.199695813,6.112453761,4.803316864,-1.106986522,9.331736785,4.373454094,2.54155024,5.652350547,2.2,0.9,2.4,2.9
Pakistan,PAK,"GDP growth, constant 2010 USD",NYGDPMKTPKDZ,,,1.98238383,3.224448326,4.84632296,7.367955424,7.66793047,6.177535825,4.832817277,1.701405465,2.831658519,1.606691959,3.6,3.8,3.7,4,4,4.7,5.2,5.5,5.8
Palau,PLW,"GDP growth, constant 2010 USD",NYGDPMKTPKDZ,,,4.326,6.6,-6.358,6.928,1.28,-2.765,-0.028,-5.575,-9.108,3.295,5.017,3.228,-2.409,4.234,9.384,0,5,5,4
Panama,PAN,"GDP growth, constant 2010 USD",NYGDPMKTPKDZ,,,0.574272925,2.229149543,4.205495961,7.52208031,7.191278857,8.652465601,11.98398543,8.611646019,1.598358884,5.76734985,11.80806622,9.229952253,6.624158996,6.053333957,5.830788375,4.890576099,5.156219502,5.407198861,5.792961925
Papua New Guinea,PNG,"GDP growth, constant 2010 USD",NYGDPMKTPKDZ,,,-0.121288758,-0.158900358,2.164102123,2.721175459,3.596104216,2.584500515,7.2,6.7,6.1,7.7,10.7,8.1,5.5,7.4,6.8,2.4,3,3.2,3.4
Paraguay,PRY,"GDP growth, constant 2010 USD",NYGDPMKTPKDZ,,,-0.834051792,-0.021408141,4.320743749,4.057419411,2.133491971,4.807120262,5.421622463,6.35911702,-3.965695886,13.09300368,4.342407086,-1.238968506,14.0362777,4.722333178,2.999999648,4.103941111,3.601969286,3.839510624,3.761279283
Peru,PER,"GDP growth, constant 2010 USD",NYGDPMKTPKDZ,,,0.616989487,5.454000599,4.164599,4.959037754,6.284648002,7.528899044,8.518387769,9.143146706,1.049228626,8.450752161,6.452224617,5.951973934,5.816679106,2.399969725,3.32759524,3.859543668,2.750603393,3.757582813,3.624718059
Philippines,PHL,"GDP growth, constant 2010 USD",NYGDPMKTPKDZ,,,2.893947159,3.645891434,4.970400658,6.697644412,4.777637752,5.242922835,6.61669926,4.152768076,1.148323275,7.632262445,3.659745863,6.683836999,7.064015717,6.144273856,6.070487833,6.922137728,6.922708443,6.945129889,6.832212844
Poland,POL,"GDP growth, constant 2010 USD",NYGDPMKTPKDZ,,,1.248005438,2.041603894,3.562471549,5.135649521,3.493658628,6.179604377,7.03480227,4.249644611,2.820221298,3.606959585,5.016616412,1.606637644,1.390825009,3.28257033,3.940910435,2.822200218,3.289864863,3.198316605,3.197247513
Portugal,PRT,"GDP growth, constant 2010 USD",NYGDPMKTPKDZ,,,1.943251979,0.768768599,-0.93418321,1.811533546,0.766817263,1.553048955,2.49206184,0.199231889,-2.978128619,1.898682064,-1.826802352,-4.028289131,-1.130122949,0.89309964,1.595531161,1.328269812,1.6,1.40543,1.40543
Qatar,QAT,"GDP growth, constant 2010 USD",NYGDPMKTPKDZ,,,3.898186603,7.182151762,3.719958644,19.21891529,7.492758507,26.1702457,17.98565677,17.66355638,11.95656114,19.59233153,13.37517641,4.7,4.4,4,3.6,2.23,3.2,2.551,2.5
Romania,ROM,"GDP growth, constant 2010 USD",NYGDPMKTPKDZ,,,5.465621167,5.141657188,5.527557343,8.287130743,4.181259777,8.054481925,6.839790471,8.592988719,-7.097841869,-0.834009536,1.086988099,0.616521138,3.522540914,3.095034992,3.892726542,4.761131066,4.368682166,3.666004909,3.465198011
Russian Federation,RUS,"GDP growth, constant 2010 USD",NYGDPMKTPKDZ,,,5.090287209,4.744013146,7.349047383,7.175593098,6.376115109,8.1536349,8.535076801,5.247775288,-7.821004879,4.503752976,4.047525263,3.518034912,1.279323218,0.718178463,-2.83795274,-0.248002429,1.326849687,1.412967244,1.408181157
Rwanda,RWA,"GDP growth, constant 2010 USD",NYGDPMKTPKDZ,,,8.668954202,13.51052989,1.451335379,6.946390386,6.912001414,9.235269536,7.612853864,11.16246001,6.267988487,7.312669275,7.851934941,8.788351534,4.684512428,7.00913242,6.904203115,5.885613868,5.966915251,6.815986229,7.033814928
Samoa,WSM,"GDP growth, constant 2010 USD",NYGDPMKTPKDZ,,,7.44,5.831,4.472,2.929,7.45,1.926,1.123,2.877,-6.437,-1.448,5.422,0.439,-1.931,1.196,1.635,3.015,1.509,2.039,2.104
Saudi Arabia,SAU,"GDP growth, constant 2010 USD",NYGDPMKTPKDZ,,,-1.21075489,-2.819193235,11.24207479,7.958463155,5.573801687,2.78843632,1.847101683,6.249796511,-2.059266831,4.76193759,10.28825999,5.411484896,2.67349154,3.678471515,4.106402011,1.398062891,0.6,1.951,2.1
Senegal,SEN,"GDP growth, constant 2010 USD",NYGDPMKTPKDZ,,,4.580916419,0.654803692,6.683228134,5.870772214,5.622606834,2.461570693,4.938484262,3.682524563,2.42317594,4.179362514,1.761117666,4.411179675,3.48521713,4.311049789,6.485194496,6.618988251,6.708616802,6.889000046,6.965024653
Serbia,SRB,"GDP growth, constant 2010 USD",NYGDPMKTPKDZ,,,4.9927,7.11579,4.41539,9.0465,5.54044,4.90435,5.88874,5.36669,-3.11597,0.58448,1.40147,-1.01527,2.57174,-1.8,0.8,2.8,3,3.5,3.5
Seychelles,SYC,"GDP growth, constant 2010 USD",NYGDPMKTPKDZ,,,-2.271162762,1.212831267,-5.887127528,-2.850453659,9.005779391,9.40612788,10.42143611,-2.146892655,-1.105245793,5.954962469,7.887279597,6.610243689,6.049822064,3.316985028,3.497813866,4.403109051,4.238511814,3.78167101,3.469784805
Sierra Leone,SLE,"GDP growth, constant 2010 USD",NYGDPMKTPKDZ,,,-7.140319715,26.26857661,9.382384967,6.417536687,4.332484395,5.525833107,8.058321564,5.399676742,4.649512913,5.365143206,4.810186455,15.18176908,20.71576829,4.556772366,-20.59877072,5.000285753,5.379576849,5.603809486,5.929230361
Singapore,SGP,"GDP growth, constant 2010 USD",NYGDPMKTPKDZ,,,-0.952290066,4.211686552,4.435328147,9.549175476,7.489157459,8.860196114,9.111527148,1.787620228,-0.603388298,15.24037704,6.224417276,3.871461938,5.001193478,3.572267228,1.932639785,1.99630423,2.249,2.4,2.4
Slovakia,SVK,"GDP growth, constant 2010 USD",NYGDPMKTPKDZ,,,3.316425784,4.522928849,5.418685458,5.25883199,6.750834641,8.453038055,10.79951549,5.629774104,-5.422486449,5.041673273,2.819141931,1.65711029,1.490646121,2.570769752,3.831110192,3.28,3.2,3.33317,3.37637
Slovenia,SVN,"GDP growth, constant 2010 USD",NYGDPMKTPKDZ,,,2.949645189,3.836200441,2.84213457,4.351683334,4.002988098,5.656016806,6.94157235,3.300289653,-7.797360798,1.237670766,0.64933632,-2.689392071,-1.086843254,3.106154223,2.316667357,2.5,2.2,2.22714,2.25896
Solomon Islands,SLB,"GDP growth, constant 2010 USD",NYGDPMKTPKDZ,,,-7.978564432,-2.800002522,6.50000183,4.898370946,5.421193232,6.946649998,7.320001264,7.094495143,-4.727872457,6.895556838,12.92847503,4.660611855,3.014386846,2,3.3,3,3.3,3,3
South Africa,ZAF,"GDP growth, constant 2010 USD",NYGDPMKTPKDZ,,,2.735495291,3.667796877,2.949078146,4.554569921,5.277111735,5.603664789,5.36046514,3.191051645,-1.538100864,3.039777063,3.284197135,2.213258978,2.330342259,1.628871543,1.264651378,0.331592988,0.624028108,1.136416526,1.979062418
Spain,ESP,"GDP growth, constant 2010 USD",NYGDPMKTPKDZ,,,4.000949397,2.882864119,3.183491158,3.166880603,3.725763118,4.174435932,3.769192099,1.1141423,-3.57307914,0.009992801,-0.997515002,-2.929154549,-1.704148893,1.378865235,3.203153982,3.24,2.7,1.9,1.9
Sri Lanka,LKA,"GDP growth, constant 2010 USD",NYGDPMKTPKDZ,,,-1.545408134,3.964675686,5.940269077,5.445061279,6.241748044,7.668291899,6.79682612,5.950088146,3.538912053,8.015959406,8.404738131,9.144579388,3.395709596,4.96074,4.83837,4.4,4.7,5,5.1
St. Kitts and Nevis,KNA,"GDP growth, constant 2010 USD",NYGDPMKTPKDZ,,,5.771103863,1.950405934,-5.414677399,2.910079033,8.191511297,0.543216011,1.521628597,5.900036259,-0.971648385,-2.868346028,-0.849544854,-0.777517843,6.558240752,5.116120025,4.884912117,2.877,3.541,3.416,2.974
St. Lucia,LCA,"GDP growth, constant 2010 USD",NYGDPMKTPKDZ,,,-3.701928389,-0.013161158,4.806184871,8.122626771,-1.680003729,8.337826745,-0.582718678,3.487378758,0.646760166,-1.039717069,0.700006172,-1.100004026,0.100004223,0.499995337,1.6,0.8,0.5,0.7,0.7
St. Vincent and the Grenadines,VCT,"GDP growth, constant 2010 USD",NYGDPMKTPKDZ,,,1.709263603,6.321647576,7.689791237,4.15628429,2.488004855,7.661607218,3.308335319,1.643377425,-2.099061259,-3.365069493,-0.480673797,1.165562972,1.795450237,-0.451725793,2.07898,1.81,2.453,2.83,2.897
Sudan,SDN,"GDP growth, constant 2010 USD",NYGDPMKTPKDZ,,,6.500360421,6.427273901,7.734591717,3.883307291,7.489738197,10.06430846,11.52191083,7.801962511,3.241846646,3.469334839,-1.967728139,0.521558738,4.394711235,2.679411005,4.906045142,4.69135144,4.149204352,3.938536465,3.93122518
Suriname,SUR,"GDP growth, constant 2010 USD",NYGDPMKTPKDZ,,,4.553077415,4.299944411,6.010154543,9.256031959,4.570714921,5.8,5.111487808,4.143406525,3.01369863,5,5.4,3.3,2.9,0.4,-2.7,-10.37,0.9,2.2,1.19
Swaziland,SWZ,"GDP growth, constant 2010 USD",NYGDPMKTPKDZ,,,1.897549405,3.24381886,4.555003795,3.11312049,6.591315811,5.074471744,4.053846775,4.42341343,2.569787347,1.812028352,1.901811873,3.427924187,4.573514351,2.748482855,1.86720363,-0.610398162,1.671001461,3.127549082,3.199296006
Sweden,SWE,"GDP growth, constant 2010 USD",NYGDPMKTPKDZ,,,1.563416491,2.073568804,2.385765793,4.320548886,2.818304418,4.6881108,3.404947129,-0.557036595,-5.184643465,5.988901979,2.66440274,-0.286321717,1.241204215,2.60433522,4.084953734,3.3,2.7,2.2,2.2
Switzerland,CHE,"GDP growth, constant 2010 USD",NYGDPMKTPKDZ,,,1.446567054,0.143401526,0.049710591,2.84294633,3.038310819,4.012792671,4.140333768,2.27725942,-2.129641281,2.953826796,1.804549632,1.048090867,1.780590697,1.996882083,0.842247288,1.3,1.5,1.7,1.7
"Taiwan, China",TWN,"GDP growth, constant 2010 USD",NYGDPMKTPKDZ,,,-1.259918631,5.574571101,4.120590409,6.506005334,5.415868417,5.623459608,6.516929325,0.704145142,-1.566612135,10.63100225,3.804551931,2.063756795,2.202440392,4.021048018,0.719561076,1.502728249,1.9,1.9,2
Tajikistan,TJK,"GDP growth, constant 2010 USD",NYGDPMKTPKDZ,,,10.2,10.8,11,10.3,6.7,7,7.8,7.9,3.79999,6.50001,7.40001,7.50001,7.4,6.69998,6,6.9,5.5,5.9,6.1
"Tanzania, United Rep.",TZA,"GDP growth, constant 2010 USD",NYGDPMKTPKDZ,,,5.997828858,7.163553536,6.886226532,7.828298381,8.173335834,4.660334153,8.464000648,5.569667538,5.38197516,6.359546035,7.901881551,5.140583399,7.265694568,6.962928373,6.958356576,6.907593292,7.169701524,7.238549025,7.445845457
Thailand,THA,"GDP growth, constant 2010 USD",NYGDPMKTPKDZ,,,3.444243766,6.148879817,7.189329965,6.289288549,4.187834924,4.967916824,5.43509257,1.725667908,-0.690733346,7.513590658,0.839959472,7.242967294,2.732473309,0.914519144,2.941235423,3.229960752,3.150026974,3.329425764,3.356937199
Timor-Leste,TMP,"GDP growth, constant 2010 USD",NYGDPMKTPKDZ,,,-12.4288425,2.419646082,0.105782793,4.156393096,6.222522827,-5.8,11.7,14.63454075,12.76625758,9.469602202,14.7,7.8,2.8,5.9,4.3,5.1,4,5,6
Togo,TGO,"GDP growth, constant 2010 USD",NYGDPMKTPKDZ,,,-1.626806272,-0.922151022,4.954397666,2.119065316,1.180407248,4.052412311,2.290453369,2.225480177,3.510295931,3.995679126,4.883764494,4.820343444,3.967792014,5.87172536,5.365886675,5.046238526,4.607078631,5.516981163,5.503376081
Tonga,TON,"GDP growth, constant 2010 USD",NYGDPMKTPKDZ,,,3.165,2.284,0.978,1.187,0.389,-2.488,-0.624,2.682,2.959,3.164,1.812,-1.111,-0.566,2.897,3.412,2.726,2.441,2.708,2.304
Trinidad and Tobago,TTO,"GDP growth, constant 2010 USD",NYGDPMKTPKDZ,,,4.168524081,7.936709641,14.44141643,7.949593642,6.20903592,13.20805776,4.754189958,3.39042137,-4.390592479,3.323330512,-0.29435443,1.29397895,2.653918424,-0.575925253,-0.578521568,-5.11,0.312,3.438,3.283
Tunisia,TUN,"GDP growth, constant 2010 USD",NYGDPMKTPKDZ,,,3.796271547,1.322557147,4.702399649,6.235790615,3.486545622,5.244099762,6.709521019,4.237781547,3.043450093,3.511081985,-1.917633855,3.997679383,2.995645699,2.3,1.1,1,2.3,3,3.5
Turkey,TUR,"GDP growth, constant 2010 USD",NYGDPMKTPKDZ,,,-5.962310691,6.430278602,5.608255023,9.644322663,9.009853214,7.109703381,5.030457776,0.845251442,-4.704465981,8.487372187,11.11349555,4.789940207,8.491309393,5.203261951,6.100104326,2.900509567,3.49763272,3.898131099,4.098812753
Turkmenistan,TKM,"GDP growth, constant 2010 USD",NYGDPMKTPKDZ,,,20.42654398,15.8,17.1,14.7,13,11,11.1,14.7,6.1,9.2,14.7,11.1,10.2,10.3,6.5,6.2,6.3,6.5,6.5
Tuvalu,TUV,"GDP growth, constant 2010 USD",NYGDPMKTPKDZ,,,1.452,7.712,-3.101,-1.665,-4.106,2.87,6.352,7.982,-4.435,-2.735,8.452,0.183,1.292,2.236,2.642,3.952,2.268,2.335,2.217
Uganda,UGA,"GDP growth, constant 2010 USD",NYGDPMKTPKDZ,,,8.763446166,7.063787315,6.152803085,5.808151371,10.00150909,7.054909627,8.066893061,9.673307245,7.938910664,7.520284484,7.627809479,2.33715646,3.967012053,5.589228329,5.57267789,4.806351855,4.572599977,5.211154141,5.562308334
Ukraine,UKR,"GDP growth, constant 2010 USD",NYGDPMKTPKDZ,,,9.200000008,5.249299452,9.515954968,12.10875517,2.997359032,7.439902401,7.593469649,2.304028779,-14.75854536,3.834387699,5.465531905,0.238681306,-0.026729649,-6.552618891,-9.8,2.3,2,3.5,4
United Arab Emirates,ARE,"GDP growth, constant 2010 USD",NYGDPMKTPKDZ,,,1.399038103,2.433456814,8.800540817,9.566436643,4.855141195,9.837271911,3.184435136,3.191838657,-5.242932998,1.635420176,5.207838688,6.792621628,4.728897293,3.079884331,3.757642853,2.3,2,2.5,3.2
United Kingdom,GBR,"GDP growth, constant 2010 USD",NYGDPMKTPKDZ,,,2.726107338,2.397248285,3.46617186,2.527943566,2.972095804,2.503008557,2.555819113,-0.627205201,-4.327737609,1.915100428,1.50912294,1.313018601,1.911078408,3.070483794,2.194229036,1.8,1.65,1.54,1.54
,USA,"GDP growth, constant 2010 USD",NYGDPMKTPKDZ,,,0.976145737,1.787544748,2.805816142,3.785669613,3.346280902,2.665374023,1.779140265,-0.291115922,-2.776035872,2.532110855,1.601066025,2.224278657,1.677010948,2.370581981,2.596622514,1.602702884,2.0901,2.1612,1.89231
Uruguay,URY,"GDP growth, constant 2010 USD",NYGDPMKTPKDZ,,,-3.844127376,-7.732014641,0.805288732,5.004170828,7.460114429,4.098599025,6.541501163,7.176137823,4.243506427,7.803405591,5.162133504,3.538181752,4.637526989,3.2388,0.367619279,1.525386223,1.564094879,2.397893824,3.368677595
Uzbekistan,UZB,"GDP growth, constant 2010 USD",NYGDPMKTPKDZ,,,4.200000008,3.999999997,4.199999999,7.699999998,7.000000005,7.299999997,9.921153848,9,8.099999996,8.500000001,8.299999999,8.200000001,8.000000001,8.100000002,7.999999997,7.8,7.6,7.7,7.8
Vanuatu,VUT,"GDP growth, constant 2010 USD",NYGDPMKTPKDZ,,,-3.488507759,-5.111218569,4.293431178,3.984754831,5.30285231,8.465159865,5.173513258,6.448521358,3.312815802,1.629081596,1.223225535,1.754749927,1.96914608,2.331006215,-0.801094177,4,4.5,4,3.5
"Venezuela, RB",VEN,"GDP growth, constant 2010 USD",NYGDPMKTPKDZ,,,3.394264787,-8.855711773,-7.755219262,18.28641309,10.3179101,9.872193897,8.753729226,5.277823249,-3.202386668,-1.488767169,4.176499574,5.625895494,1.343123413,-3.894339093,-8.153151621,-11.95350818,-7.715346417,-1.213308754,0.65675401
Vietnam,VNM,"GDP growth, constant 2010 USD",NYGDPMKTPKDZ,,,6.894848208,7.080196034,7.340908343,7.789928574,7.550014454,6.977954812,7.129504484,5.661771208,5.397897543,6.423238217,6.240302749,5.247367156,5.421882991,5.983654637,6.679288789,6.2108018,6.269806041,6.387129121,6.35010073
West Bank and Gaza,WBG,"GDP growth, constant 2010 USD",NYGDPMKTPKDZ,,,-8.66065692,-12.4891918,14.015867,10.3431,10.7988,-3.9006,6.5906,6.0793,8.6625,8.0991,12.4134,6.2842,2.2174,-0.1919,3.4,4.1,3.5,3.4,3.4
Zambia,ZMB,"GDP growth, constant 2010 USD",NYGDPMKTPKDZ,,,5.31686826,4.506014572,6.944973731,7.032395254,7.235598968,7.903694405,8.352436276,7.773895817,9.220348432,10.29820584,5.615564028,7.572624716,5.131629339,5.025052059,2.91988111,3.296462673,4.055386729,4.52111383,4.72379881
Zimbabwe,ZWE,"GDP growth, constant 2010 USD",NYGDPMKTPKDZ,,,1.439615074,-8.894023417,-16.99507453,-5.807538303,-5.711084002,-3.46149505,-3.653327062,-17.66894674,5.984389926,11.37592061,11.90540809,10.56520512,4.484094855,3.8482899,0.474263259,0.699691626,2.299381205,1.806543943,1.710413665
